Mass to Charge State Ratio (Da),Corrected Count
0,-265.2145
0.12,-142.12167
0.24,-17.607536
0.36,21.758339
0.48,35.2
0.60,58.4
0.72,110.0
0.84,210.5
0.96,120.7
1.08,59.4
1.20,15.1
1.32,-5.3
1.44,9.7
1.56,42.0
1.68,88.3
1.80,131.1
1.92,90.2
2.04,37.8
